id,center,serviceName,content,url,target,applyMethod,needDocument
110,사회복지법인 밀알복지재단,심장질환 및 희귀난치성질환 아동청소년 지원사업,"의료비, 의료소모품 및 의료보조기구, 생계비 등 (※단, 생계비 단독지원 불가)",,심장질환 및 희귀난치성질환을 진단받은 만23세 이하의 아동청소년,첨부파일 다운로드 후 신청서 작성하여 이메일 접수 (miral9135@miral.org),"세대 구성원 중 소득이 있거나 질병 및 장애가 있을 경우 증빙서류 제출(3. 소득증명서류, 4. 의료증명서류) - 부채증명원 1부(부채가 있는 경우)※ 모든 제출서류는 최근 3개월 이내 발급 서류만 인정"
111,한국사회복지공제회,사회복지시설 의무보험 (복지시설 손해배상책임공제),사회복지관련 기관에서 필수적으로 가입하고 있는 보험 - 제반경비 최소화로 동일한 보상한도의 경우 시중상품보다 저렴하게 구성하고 관련 법률과 지침의 규정사항을 충족하여 사고 발생 시 적정한 보상이 담보될 수 있도록 함,,사회복지사업법 제2조에 따른 사회복지법인 및 시설 (노인장기요양기관 등 일부 제외),가입문의 : (사)한국사회복지공제회 공제보험사업팀 (전화)02-3775-8836/8838,1. 사업자등록증 또는 고유번호증 2. 시설신고필증 3. 공제청약서
112,파라다이스 복지재단,정보통신 보조기기 보급사업,"보조기기 구입지원(80%, 기초/차상위는 90%)- 멀티터치모니터, 안경마우스, 턱마우스, 손가락마우스, 자판없는키보드, 키가드 등",http://paradise.or.kr,등록장애인 및 중상이등급 판정 국가유공자,홈페이지(http://paradise.or.kr),
113,한국소아암재단,외래치료비 지원사업,1년단 매달 25만원의 외래치료비 지원,,저소득 백혈병 소아암 환아,"우편접수(매년 11~12월 홈페이지 공고 참조, 서식-자료실)",
114,사회복지법인 한림화상재단,화상점프캠프,화상점프캠프- 참가비: 1만원,,화상을 경험한 아동 및 청소년(초등학교 3학년~고등학교 3학년),매년 5~7월 공고 - 방문 접수: 재단법인 한림화상재단 사회사업팀(신관 4층) -팩스: 02-2637-5767,신청서
115,건강가정지원센터,법원연계이혼상담,"이혼으로 인한 고통을 최소화하고 이혼 후 적응에 도움을 주고자, 건강가정지원센터에서는 법원과 연계하여 이혼상담을 진행- 이혼가정의 개인상담, 부부상담, 가족상담은 물론 부부집단상담 및 집단상담캠프 등이 포함- 부부간 소통과 이해를 촉진할 수 있는 교육 진행",,협의이혼 또는 재판이혼 진행중인 부부 및 가족들,수시 접수: 권역별 지역센터 문의(홈페이지 참조),
116,재단법인 한국백혈병어린이재단,소아암 환자 가발지원,"가발 1개(제작비 80만원, 하이모)",www.kclf.org,치료로 모발이 빠진 학령기(7세) 이상 소아암 및 이에 준하는 희귀난치성질환 환자- 치료 후유증으로 모발이 자라지 않는 만 30세 미만 치료종결자(19세 미만 소아암 및 희귀난치성질환 진단 받은 경우),"연중수시, 인터넷 신청(www.kclf.org)- 지원방법(각 지역별 지원접수처 홈페이지 참조)ㆍ서울: 02-745-7674, 7671, 02-766-7671ㆍ충청,호남: 061-375-7671ㆍ부산, 경남: 051-244-7677ㆍ경북, 강원: 053-253-7671",
117,건강가정지원센터,가족역량강화 지원,취약 한부모 가족역량강화 서비스- 위기가족지원 서비스- 조손가족통합지원 서비스,,취약 한부모가족- 위기가족- 조손가족,기타 접수: 센터에서 대상자 발굴,
118,월드휴먼브리지,출산용품 무료지원(모아사랑태교음악회),"필수 출산용품 12종, 태교음악회 제공",,출산용품 지원이 필요한 임산부,인터넷 다음카페 모아사랑 카페에서 각 지역별로 연중 접수 중,
119,하트하트재단,시력회복 의료비 지원,"시력회복 의료비 일체(각막이식, 인공수정체 삽입, 녹내장, 백내장, 사시교정, 의안삽입, 특수렌즈 제작 등) 1인당 최소 50만원 ~ 최대 200만원",,최저생계비 200%이하인 24세 이하 시력회복 의료비가 필요한 자,"공고시, 이메일 접수 및 병원 사회사업실 신청- 신청기간: 1월~8월","신청서, 자료활용동의서, 진단서/ 선택: 수급자증명서, 차상위 증명서, 건강보험료 납입확인서"
120,행복나눔재단,SK뉴스쿨,"1년 동안 요리교육, 인문 예술 교육 등",,청년,이메일 접수 : skhappiness@skhappiness.org,신청서- 추천서(기관 담당자 등)
121,초록우산어린이재단,장난감도서관,"장난감 대여 - 놀이지도: 레고교실, 가베교실, 부모와 함께하는 놀이교실, 오감발달놀이 등",,지역사회 아동,"방문 접수: 종합사회복지관(제주, 대구, 광주, 부산, 전북, 나주, 중탑, 포항, 진주평거, 울산화정, 대전, 연수, 전남, 경남통영)",
122,더나은세상,세잎클로버 찾기,"교통사고 유자녀의 재능 및 장래희망 실현을 위한 진로 멘토링 및 비용 지원 - 대학생 1:1 진로 멘토링, 관심 직업 전문가와의 만남, 직업현장 방문 - 진로 관련 교육비, 서적 및 필요 물품 지원 外",,중·고등학교 재학 중인 교통사고 유자녀,인터넷 접수,
123,한국난임가족연합회 아가야,난임에 관한 지원,정부의 지원을 모두 받고도 임신에 실패한 사람에게 시험관시술- 금액 미정,,정부 지원 나이제한에 걸려 제외된 사람 (시험관시술 제외된 자) - 정부 지원 모두 받고도 임신에 실패한 사람,"우편접수: 152-842 서울시 구로구 공원로 3 1808호(구로동 선경오피스텔) - 수시로 접수하나, 사업진행은 분기별 1회","지원신청서, 정부 지원을 모두 받은 증명서, 건강보험 증명서 등"
124,세이브더칠드런,청소년 정신건강지원사업,"진료비(검사 및 치료, 약제, 프로그램) 최대 150만원, 입원치료 필요시 타사업 연계",,전문적인 정신건강서비스가 필요한 중위소득 75%이하 가정의 13~18세 청소년 및 부모,시군구 희망복지지원단 공모사업으로 사업대상지역에서 신청가능,
125,메리츠화재,걱정해결사업(예체능특기생 결연후원),,,저소득가정 자녀,공동모금회를 통해 메리츠화재와 업무협약을 진행한 지자체 예산 지원,
126,초록우산어린이재단,빈곤가정지원,"급식, 주거, 학습, 의료비 지원 - 도시락 및 밑반찬 배달, 주부식 지원",,저소득 아동,공고 시(연중 수시 공고),
127,세이브더칠드런,정기후원금(결연사업),"경제적 어려움등으로 생활비, 관리비, 교육비가 부족한 가정에게 매월 정기적으로 5만~10만원씩 후원금 지급함(1:1결연)",,저소득 빈곤가정 아동,전화문의,
128,메리츠화재,걱정해결사업(교육비 지원),아동 및 청소년 학습 능력 향상을 위한 교육비 지원,,저소득 가정 자녀,공동모금회를 통해 메리츠화재와 업무협약을 진행한 지자체 예산 지원,
129,한국메이크어위시재단,소원성취사업,재단이 지원 가능한 모든 소원 한 가지 지원,www.wish.or.kr,재단의 규정 또는 의료심사에 의해 소원진행이 필요하다고 생각되는 만3 ~만18세까지 생명을 위협하는 난치병을 앓고 있는 아동 및 청소년,인터넷 접수 : www.wish.or.kr,
130,kbs한국방송공사,KBS강연100도씨 라이브 꿈 트럭 프로젝트,"KBS-에 매주 강연자로 선발하여 실제 방송에서 10분 내외로 자신의 사연을 강연으로 소개- 4주에 한번씩 시청자의 공감 및 응원지수가 가장 높았던 1명에게 창업 분야별 맞춤형 꿈 트럭(Dream Car)지원ㆍ예)꽃배달 트럭, 푸드 트럭, 커피 트럭 등 협의 후 원하는 형식의 트럭으로 만들어 제공※ 꿈 트럭에 선정되지 않더라도 소정의 지원금 제공",,인생의 위기를 맞았지만 강한 극복의지로 재기를 꿈꾸고 있는 사람- 거듭된 사업실패를 겪고 재기하려 하지만 작은 밑천조차 없는 중년 가장- 어려운 형편을 딛고 꿈을 이루고자 하는 청년 가장- 가진 것 하나 없는 힘든 현실에서도 가족을 위해 다시 한번 일어서려는 강한 의지를 가진 분,,3분 이내의 자기소개 영상ㆍ형식은 무방하나 지원 이유를 반드시 밝혀야 함ㆍ핸드폰으로 찍어서 보내면 됨(영상의 형식과 완성도는 선정 이유와 무관)ㆍ지원 영상과 지원서는 반환 불가- 지원서 1부(홈페이지 제공 양식에 맞춰 작성)
131,건강가정지원센터,모두가족품앗이,"자녀학습, 체험활동, 나들이, 캠프, 다양한 놀이활동 등- 센터의 여건에 따라 센터내 장소 제공, 부모교육 실시, 교구교재 대여, 나들이 활동 지원, 품앗이 회원 대상 교육등을 지원해드려 품앗이 활동이 원활히 진행되도록 도움",www.familynet.or.kr/program/program/list.do-,이웃에 사는 사람들끼리 자녀 돌봄과 양육을 품앗이 하고 싶어하는 자,인터넷 접수: www.familynet.or.kr/program/program/list.do- 홈페이지에 권역별 지역센터 공고 확인 - 품앗이 활동을 하는데 대한 오리엔테이션 교육을 받은 후 원하는 품앗이 그룹에 속해서 자녀돌봄에 대한 다양한 활동을 자발적으로 운영,
132,건강가정지원센터,아버지교육,"남성의 돌봄노동 참여를 위한 아버지교육 프로그램: 아버지 역할에 보다 충실할 수 있도록 자녀와의 놀이방법을 비롯하여 좋은 아버지가 되기 위한 다양한 양육방법 교육 - 아버지가 행복한 일터 만들기: 일과 가정의 역할에서 균형 잡힌 생활이 아버지 개인의 삶에 있어서 얼마나 중요한 의미를 갖는 것인지 알려주고, 아버지 역할을 보다 강화하고 새롭게 아버지의 역할을 설계할 수 있도록 도와주는 프로그램",www.familynet.or.kr/program/program/list.do,아버지 대상,인터넷 접수: www.familynet.or.kr/program/program/list.do - 홈페이지에서 권역별 지역센터 공고 확인,
133,건강가정지원센터,아동/청소년기 가족교육,부모로서의 어려움을 해결할 방법을 찾는데 도움이 되는 교육,http://www.familynet.or.kr/program/program/list.do,아동/청소년 자녀를 둔 부모 대상,인터넷 접수: http://www.familynet.or.kr/program/program/list.do - 홈페이지에서 권역별 지역센터 공고 확인,
134,(재)아름다운 동행,초등학생 책가방 지원사업,학교생활에 필요한 가방 및 학용품을 지원해주어 학교생활을 준비하게 함,,신입생으로 입학하는 저소득 가정 학생들,매년 4/4분기 공고,
135,현대차정몽구재단,문화사랑의 날,"문화공연 포털사이트 캐시 지급, 우수공연 초청관람 등",,소외계층 아동청소년,"홈페이지에 사연과 함께 신청 - 지역아동센터 학생은 시설별로 신청, 인원조정하여 선정",
136,초록우산어린이재단,문화예술학교,"바이올린, 첼로, 비올라 등의 클래식 오케스트라 교육 - 북/젬배/장고 등의 타악기 교육",,소외계층 아동,전화상담 신청: 1588-1940,
137,새생명지원센터,"소아암,백혈병 경제적지원","500만원 ~ 2,000만원(지원개시일로부터 3년간 지원)ㆍ조혈모세포이식은 3,000원 지원",,소아암ㆍ백혈병을 앓고 있는 만 24세 이하의 환아,기타 접수: 진료병원 사회사업팀(실) 의료사회복지사를 통해 신청/방문 및 우편접수(등기) - 매월 1회 신청접수,"공통서류 ㆍ진료비 지원 대상자 추천서, 개인정보 수집이용제공 동의서ㆍ진료계약병원진단서(본회 진료계약병원 발행): 급성임파구성백혈병, 비림프구성백혈병 및 기타종양, 재생불량성 빈혈, 조혈모세포이식ㆍ건강보험증 또는 의료보호증 사본ㆍ주민등록등본 1부, 환아 사진 및 편지 1부 - 추가서류ㆍ홈페이지 참조"
138,(사)부스러기사랑나눔회,빈곤아동 심리정서치유사업,"미술, 음악, 놀이, 언어 등 전문적인 심리치료가 필요한 아동을 위한 프로그램 비용 나눔(지원금 상한액 204만원)",,빈곤환경에서 심리정서적 어려움을 겪고 있는 초등학교 1~6학년 아동,"신청기간 : 2월, 7월- '홈페이지 > 나눔,신청하세요' 신청",
139,건강가정지원센터,가족성장아카데미교육,"1회기: 몸에 가꾸듯, 가정도 가꾸어요(건강가정과 가족구성원 공통의 사명)- 2회기: 부부행복지수 높이기(부부관계의 중요성의 특성 이해, 부부갈등에 정확한 지식과 건강한 해결방안)- 3회기: 부모와 자녀, 함께하는 행복한 가족을 위하여(자녀의 발달과정의 이해와 관계회복을 위한 눈높이교육, 부모·자녀의 성격유형의 차이 이해- 4회기: 부모코치 되기!(부모코칭의 개념의 이해)- 5회기: 부모코칭에도 기술이 필요하다(부모코칭의 핵심기술(경청, 질문, 인정, 칭찬하기)의 학습, 코칭기술의 실습, 부모코칭 능력 향상)- 6회기: 우리 가족문화, 현명한 의식주 소비생활(가족생활주기별 의식주 관리, 의식주활동을 통해 가족문화 만들기)- 7회기: 나는 내생활의 CEO, 시간·여가자원 관리(가족단위 활동을 증가시키기 위한 시간관리 방법, 나와 가족의 재무와 소비관리)- 8회기: 다양한 가족, 당당한 삶(다양한 가족 형태에 대한 이해와 편견의 해소, 편견해소를 위한 실천방안)- 9회기: 일과 가정, 둘 다 소중해요.(맞벌이 부부 증가와 가족생활 특성의 이해, 일가정 불균형의 원인과 증상의 탐색, 일가정 균형 잡기 전략과 실천)- 10회기: 가족과 함께하는 나눔의 행복, 가족자원봉사(가족자원봉사에 대한 기초이론, 가족자원봉사 효과 및 과정의 이해와 구체화)- 11회기: 우리가정, 건강한가요? 컨설팅해봐요.(우리가정의 건강성 진단, 가정운영상의 강점과 약점 인식, 가정의 역량강화 방안 컨설팅, 가정경영자의 역할 이해)",,부모 대상,홈페이지에서 권역별 지역센터 공고 확인,
140,한국장애인문화협회,교육사업,무료 나눔교육문화복지카드 발급,www.bluesky82.org,보육시설- 지역아동센터/청소년센터- 저소득계층의 어린이집- 초ㆍ중ㆍ고 학교의 저소득계층 학생- 소년소녀가장- 장애인- 한부모/조손 가정의 학생- 다문화 단체/가정- 새터민 단체/가정- 차상위계층- 그 외 소외계층,수시 접수(메일 제목: 성명(단체명)-나눔교육문화복지카드 신청합니다) - 신청서: www.bluesky82.org에서 다운로드,
141,한국난임가족연합회 아가야,아가야 보듬이 지원사업,체외수정 시술 지원,,법적 혼인상태에 있는 체외수정시술을 요하는 난임부부로 의사의 진단서 제출자로 전국 가구 월평균 소득 150%이하 (건강보험료 본인부담금 납부액) 체외수정시술을 희망하는 난임 가정,전화 상담 : 02-3431-3382 - 연중 수시 접수,"공통서류ㆍ지원 신청서, 병원 혹은 보건소에서 발급된 난임진단서 또는 정부지원 받은 확인서 1회, 2회 , 3회, 4회 중 택 1, 가장 최근 건강보험료 본인부담금 납부 영수증, 납부확인서(맞벌이 부부 또는 부부가 각각 가입되어 있을 경우 각각의 서류첨부, 휴직의 경우 휴직증서 첨부), 건강 보험카드 사본 1부(맞벌이 부부는 각각의 사본 첨부) - 추가서류ㆍ지원동기 사연 (선택)"
142,대한법률구조공단,무료법률상담 및 소송지원,무료법률상담 및 소송지원,,법률상담이 필요한 분,국번없이 132,
143,법무부,법률홈닥터,무료법률상담 및 소송지원,www.moj.go.kr,법률상담이 필요한 분,각 지역 법률홈닥터를 통해 신청(www.moj.go.kr 법률홈닥터 검색),
144,초록우산어린이재단,희망재능지원,대학입학금 및 대학등록금 - 연간 800만원 한도,,미래재능지원을 3년 이상 받은 아동,"기타 접수 : 12개월 단위로 지원되며, 연간 평가를 통해 지속지원여부 결정",
145,새생명지원센터,희귀난치성질환 경제적지원,1인당 최고 500만원까지 지원,,만 24세 이하에 희귀난치질환을 진단받은 환아,진료병원 사회사업팀(실) 의료사회복지사를 통해 신청/방문 및 우편접수(등기),"공통서류* 진료비 지원 대상자 추천서,개인정보 수집이용제공 동의서, 진료비지원 임상 소견서 (본회 서식), 건강보험증 또는 의료보호증 사본, 주민등록등본 1부, 환아 사진 및 편지 1부 - 추가서류* 홈페이지 참조"
146,삼성서울병원,삼성 인공와우 지원사업,"1) 수술 전 검사비 및 양측 인공와우 수술비2) 재활비 (맵핑 및 언어 재활·평가비 / 개인별 연간 350만원, 최대 4년간 지원)",,"만 18세 미만의 저소득 청각 장애인 중 본원에서 인공와우 수술을 받는 자 (당해년도 가구ㆍ지역별 일반재산의 최고재산액 기준 250% 이내 및 최저생계비 고시안 기준 250% 이내인 자. 단, 두 기준의 합이 400% 이내여야 함)※ 단, 18세 이상의 경우에도 인공와우 적응증에 해당하고 심의 기준에 적합할 경우 논의를 거친 후 대상자에 포함시킬 수 있음","이비인후과 인공와우지원실 방문하여 신청서 및 동의서 작성 한 후, 대상자 각자에게 맞는 구비 서류 제출","1) 신청서 (소정 양식)2) 주민등록등본3) 건강보험증(건강보험 납입 증명서) 또는 의료급여증 사본 4) 수급자 증명서 (해당자에 한함)5) 지방세 세목별 과세증명서6) 근로소득원천징수영수증 또는 소득금액증명원(사업자등록증 사본), 또는 주거래 통장 3개월분 사본7) 임대차계약서, 무료임대확인서 또는 등기부등본8) 소유 부동산의 등기부등본9) 자동차 보험증권10) 부채증명서 (금융기관 발행)11) 사업 홍보 동의서12) 개인정보 수집ㆍ이용 동의서"
147,(주)녹십자,무료독감 예방접종,무료독감 예방주사 제공,,드림스타트 아동,"드림스타트 사례관리아동 선정, 공고 시",
148,대한불교조계종사회복지재단,난치병어린이 지원,치료비 및 수술비 지원 - 금액 미정,,난치병을 가진 아동,매년 3~4월 공고 - 이메일 발송 후 전화확인,
149,한국난임가족연합회 아가야,위탁모 및 입양지원사업,입양을 원하는 난임부부의 1차 상담 지원을 통하여 협력기관인 입양기관 전문기관을 통한 2차 상담을 연결ㆍ주선,,난임부부,전화 상담 : 02-3431-3382,
150,한국난임가족연합회 아가야,임신·출산준비에 관한 지원,"난임교육 및 상담, 병원정보 안내, 식이요법 및 생활습관, 감정코칭, 대안탐색 등",,난임 부부,전화문의,
151,사회복지법인밀알복지재단,"밀알복지재단 국내지원사업(의료비,수술비)신청안내","의료비지원이 필요한 만18세미만 장애아동,청소년 / 재활치료비 및 각종 의료비(월20만원 이내)정기지원2. 장애아동 수술비지원 - 수술비지원이 필요한 만18세미만 장애아동,청소년 / 수술비(500만원한도)일시지원3. 신장이식 수술비지원 - 신장이식수술 확정자, 연령제한 없음 / 수술비(500만원한도)일시지원",,"기초생활수급자, 차상위계층, 저소득계층 (중위소득 80% 미만)","2. 우편접수: (우06934) 서울특별시 강남구 밤고개로1길 34, 2층(수서동) 밀알복지재단 국내사업부 지원사업 담당자 앞","밀알복지재단 지원사업 신청서 1부(붙임1, 2, 3)"
152,하트하트재단,화상환아지원,"검사 및 외래비 지원 - 입원비, 통원 치료비 지원 - 금액 미정",,고액의 의료비를 감당하기 어려워 생사의 기로에서 귀중한 생명을 포기하거나 2차 장애를 떠안아야하는 화상환아,협력병원에서 환자추천 - 연중 접수,
153,건강가정지원센터,예비부부 및 신혼기 가족교육,자신과 상대방에 대해 좀 더 이해할 수 있는 기회를 제공 - 결혼 초기 적응을 돕는 프로그램 - 건강한 결혼과 가족가치관을 확립 - 결혼생활에서 발생할 수 있는 문제에 대한 대처능력을 갖는데 도움,www.familynet.or.kr/program/program/list.do,결혼을 앞두거나 교제중인 미혼남녀/신혼기 부부,인터넷 접수: www.familynet.or.kr/program/program/list.do - 홈페이지에서 권역별 지역센터 공고 확인,
154,재단법인 한국백혈병어린이재단,생활환경개선지원,"생활공간 가구 또는 건강관련 가전제품 지원ㆍ우리집을 부탁해: (주)한샘에서 제작 및 판매하는 생활공간 가구 지원ㆍ우리집 건강지킴이: 미세먼지청소기, 항균침구, 제습기, 공기청정기 등 물품 지원","www.kclf.org,",7세~19세 미만의 소아암 및 이에 준하는 희귀난치성 질환 환자 및 치료종결자ㆍ기 지원자 및 타 기관 지원자 제외,"인테넛(www.kclf.org), 매년 3~4월 접수",
155,건강가정지원센터,모두가족봉사단,"가족의 돌봄지원: 다양한 가족에 대한 자녀돌봄 및 지도(우유먹이기, 놀이지원, 학습지도 등), 신체활동 및 정서건강지원(간병, 안마, 목욕, 말벗 등, 병원동행, 산책, 편지쓰기, 책 읽어주기 등) 등 - 지역사회 참여활동: 이웃사랑실천운동(결식아동찾기, 사랑의 집짓기, 군부대 방문 등), 지역사회 문화재 및 시설보호활동(가로수 및 공원정비, 문화유적지 수리 및 청소 등), 지역사회 문화행사 참여, 농어촌 돕기 등 - 환경보호활동: 자연보호활동(쓰레기 줍기, 꽃밭만들기, 나무심기 등), 환경캠페인(자연보호, 동물보호, 수질오염방지 등), 환경정화활동(깨끗한 거리조성, 거리 껌 제거, 공원놀이터 가꾸기 등), 재활용품 수집 등 - 기타: 기금마련활동(벼룩시장, 농작물 판매 등), 국제협력활동(홈스테이, 외국인 안내) 등",http://www.familynet.or.kr/program/program/list.do,2인 이상의 가족,인터넷 접수: http://www.familynet.or.kr/program/program/list.do - 홈페이지에서 권역별 지역센터 공고 확인,
156,새생명지원센터,S-OIL과 함께하는 햇살나눔 캠프,"환아 가족 정보교류 프로그램, 에코랜드 테마파크, 토피어리만들기 체험, 돌고래 및 바다표범 공연, 미니카트레이싱체험, 레크레이션 등(제주도 2박 3일 캠프)",,"희귀난치질환 및 소아암, 백혈병 환아(5~14세) 및 가족(18~20가족)",홈페이지 공고시 신청ㆍ우편 접수: (121-020) 서울특별시 마포구 만리재로 14(공덕동 456번지) 한국사회복지회관 5층ㆍ팩스 접수: 02-712-2333,"공통서류ㆍ신청서(개인의 경우) 1부, 추천서(기관의 경우) 1부, 및 가족관계증명서(환아명의) 1부- 추가서류ㆍ기초생활수급자, 차상위가정, 다문화, 한부모가정의 경우 부 또는 모 명의의 증명서 제출ㆍ일반 가정의 경우 최근 3개월분 부와 모의 건강보험료 납부 확인서 사본 각 1부 제출"
157,초록우산어린이재단,재활치료,"한사랑 마을: 생활재활서비스, 사회재활서비스, 의료재활서비스 - 한사랑장애영아원: 생활재활서비스, 사회재활서비스, 의료재활서비스 - 한사랑학교: 전액무상교육, 학생 개별화 교육프로그램 운영, 일반교유과정과 연계한 교과교육활동, 인근 유초중학교와의 통합교육, 현장체험학습, 치료지원과 연계한 방과 후 학교, 에듀케어 개념의 종일반 운영 - 한사랑장애인보호작업장: 개별고용계획수립, 직업적응훈련, 취미 및 여가활동, 보호고용",,"한사랑 마을: 장애인 복지법에 근거한 장애 1급의 중증아동으로 지체 또는 뇌병변 장애를 동반하여 독립보행이 불가능한 장애인(만 5세 ~ 10세) - 한사랑장애영아원: 1, 2급의 중증 및 3급 이상의 경증 장애등록 및 장애에 대한 진단을 첨부할 수 있는 영유아로 국민기초생활보장수급대상 우선 입소(6개월 ~ 4세) - 한사랑학교: 초중등 교육법 제 56조에 의거 신체적정서적지적 장애로 인하여 특수교육을 필요로 하는 학생 - 한사랑장애인보호작업장: 만 20~25세의 등록(지체뇌병변지적) 장애인",기타 접수: 지원내용별 상이,"한사랑장애영아원: 가족관계증명서(보호자등재), 기본증명서(보호자등재), 주민등록등본(보호자등재), 예방접종기록 및 의무기록 사본, 진단서 및 소견서, 복지카드(장애등록아동만), 의료급여증 및 건강보험증, 개인 소지품(옷, 젖병, 분유, 장난감 등)"
158,초록우산어린이재단,가정위탁,일정기간 동안 일반가정에서 보호를 받을 수 있도록 지원,,"친부모의 특별한 사정(부모의 사망, 실직, 질병, 학대, 수감 등)으로 친가정의 보호를 받을 수 없는 아동",기타 접수: 사업장 확인,
159,한국실명예방재단,자가시력검진,눈 건강을 위한 생활습관을 위한 가정용 자가시력검진 키트 제공,,"취학전 아동, 농어촌 아동 등",지역보건소,
160,(사)그린라이트,민들레카,"민들레카 무상지원, 유류 및 여행경비 32만원 체크카드 지원, 필요시 운전기사 지원ㆍ2·5·9월 취약계층, 4월 장애인",,"취약계층 가정, 장애인 가족 등",인터넷 mincar.kr(월별 대상자 공고 참조해서 신청),
161,대한결핵협회,학생 행복나눔 지원사업,"결핵완치 독려금 500,000원 지원(차상위계층의 경우 영양식섭취 지원금 500,000원 추가)",,"초중고교생 중 결핵환자(현재 치료중으로, 해당사업 지원이력이 없는 학생)",전화문의(02-2633-9461),
162,미래에셋박현주재단,희망듬뿍(Book),학생 1인당 새 책 10권(5권씩 연 2회),,"책읽기를 좋아하지만 형편상 어려움을 겪는 전국 만 6세 이상, 18세 미만 아동청소년- 아동복지시설의 교사, 복지사, 초중고등학교 교사 등의 추천을 받은 청소년",온라인 접수(1인당 최대 40명),
163,한국난임가족연합회 아가야,미세영양소 지원사업,DD맘을 위한 계획임신 프로그램 제공 - 난임전문상담사의 난임상담 지원 - 난임 극복을 위한 식이습관 및 생활습관 개선 안내 - 입양정보 제공 및 안내,www.iwishmom.org,"지역별 i위시맘 서포트 그룹 모임 참여자(모임 미참여시 탈락) - 최소한 인공수정, 체외수정시술 계획 2개월 전 신청 - 현재 아가야 보듬이 지원사업 선정자인 경우 시술중에는 제외 - 한번 지원받은 적이 있는 분은 1년 내 중복지원 불가(단, 재지원 20 : 신규 80 비율로 선정) - 자격: i위시맘 가정 누구나(소득기준, 정부지원사업수혜여부, 아가야보듬이 수혜여부 무관) * 참가비 1만 원","인터넷 접수 : www.iwishmom.org - 우편 접수 : 서울 강동구 천호대로 1078, 210호(성내용 씨제이나인파크)- 연중 수시 게시판 접수",지원 신청서
164,KSD 나눔재단,금융교육사업,금융관련 교육,,"증권박물관 금융교육: 초등학교 3학년 이상 ~ 성인 - 찾아가는 금융교육: 서울, 경기, 부산의 초중고 - 드림스타트 금융교육: 방학기간 중 전국 드림스타트 대상 - 사회새내기 금융특강: 서울 및 수도권 고교 졸업 예정자",인터넷 접수: 증권박물관 금융교실 홈페이지(nanum.ksd.or.kr),
165,IBK행복나눔재단,치료비 지원,"치료비(희귀난치성/중증질환 환자) 연간 최고 1,000만원 한도범위 내 - 출산장려: 체외수정시술비(100만원) / 인공수정시술비(50만원)",,"중소기업에서 1년 이상 재직 중인 근로자 본인, 배우자 및 미혼의 자녀 중 재단 - 희귀난치: 보건복지부가 고시한 희귀 난치성 질환 대상자 - 중증질환: 암, 심장병, 장기이상, 척추장애 등의 질환자 - 출산장려ㆍ난임시술: 정부로부터 체외수정이나 인공수정 지원결정 통지서 수령자","우편 접수(등기): 서울특별시 중구 을지로79 IBK기업은행 본점 18F - 매년 4월, 8월 신청(신청전 전화확인 필수)","공통서류ㆍ치료비 지원 신청서 원본 1부, 신청인의 주민등록등본 원본 1부, 거주주택 등기부등본 원본 1부(전월세시 계약서 사본 1부), 전년도 근로소득원천징수 영수증 원본 1부(종합소득과 인적공제 내용 포함), 건강보험료 납부확인서 사본 1부, 치료비 지원시 입금계좌통장 사본 1부, 개인신용정보 동의서 원본 1부 - 추가서류ㆍ의료비 관련(해당자만): 희귀난치성질환, 중증질환자, 출산난임 치료 환자의 경우 의료비 납입확인서 원본 1부, 난임부부 지원시 체외수정시술 또는 인공수정시술 지원결정통지서 사본 1부ㆍ기타서류(심사반영 가산평가): 부채증명서 및 기타 가정경제상황을 파악할 수 있는 서류, 대상자의 치료과정 및 사연, 사진첨부(형식 및 장수제한 없음), 대상자의 의료적 상태 확인 가능하나 사진첨부(장수제한 없음)"
166,장미란재단,의료나눔사업,"한방진료(침, 탕약, 한방물품), 의약물품 지원",,"전현직 운동선수 - 스포츠 꿈나무 - 사회배려계층(기초생활, 차상위, 새터민, 다문화, 한부모 등)",우편 접수: (412-220)경기도 덕양구 화신로 190 장미란체육관 2층 장미란재단 - 연중수시접수,"신청서 1부, 기초생활수급자 및 차상위계층 증명서 1부, 추천서 1부- 기초생활수급자: 수급자 증명서 1부- 차상위계층: 한부모가족 증명서 가족관계 증명서, 차상위 본인부담경감 대상자 증명서 중 택1"
167,대한항공회,청소년 항공교실,"사회적 취약계층 참가비 무료(일반참가비 3만원)ㆍ항공레저스포츠체험(열기구), 드론입문, 항공진로직업체험, 루키 파일럿 입문","www.aeroclass.or.kr),","전국 초등학교 4~6학년 및 중학교 1~3학년 남녀학생 600명(사회적 취약계층 차수별 10%, 총 6차시)","인터넷(www.aeroclass.or.kr), 차수별 선착순 신청(4~7월)",
168,한국여성경제인협회,여성가장 창업자금 지원,"최고 1억원 이내 점포 임대보증금 지급(2년/2회연장가능, 최대 6년 지원)",www.wbiz.or.kr,"저소득 여성가장이면서 생계형 창업을 희망하는 자(신용등급 1~7등급, 부양가족 1인 이상인자, 저소득계층)- 부양가족 기준: 25세 미만의 자녀, 65세 이상의 부모, 장애인, 질병 등으로 경제활동이 어렵거나 장기실직 1년 이상의 배우자, 단 25세 이상의 자녀는 학생, 군인, 3등급 이상 장애인인 경우, 65세 미만의 부모는 장애인, 중환자인 경우 인정",홈페이지 접수(www.wbiz.or.kr),
169,사랑의전화복지재단,자살유가족상담 및 자조모임,"자살유가족상담, 개인상담",,"자살자 유가족, 자살충동을 느끼거나 자살의 위험에 직면해 있는 사람",전화 예약: 02-3272-4242- 연중 수시,
170,건강가정지원센터,권역별미혼모부자거점기관운영지원,"상담을 통한 미혼모부자의 정서지원ㆍ정서적 불안감 해소, 부모역할에 대한 부담감 해소, 자존감 향상, 자립심, 재사회화를 위한 상담ㆍ온오프라인 상담, 미혼모부의 부모상담, 자녀양육상담 등 - 출산 및 양육지원ㆍ출산비 및 아이의 입원예방접종비 등 엄마와 아이의 건강을 위해 필요한 병원비 지원ㆍ분유, 기저귀, 계절에 따른 내의겉옷, 유모차, 장난감 등 생필품 지원 - 친자검사비 지원미혼한부모의 경우 아동양육에 대한 책임의식을 고취토록 친자검사비 지원 - 교육문화체험 프로그램 운영: 임신출산자녀 양육 등과 관련된 생애주기별 정보 및 서비스를 제공하고, 경제적으로 자립할 수 있도록 지원",,"자녀를 양육하는 미혼모부자 가구 - 단, 출산 및 양육지원은 정부 등으로부터 지원받지 못하고 있는 만 3세 이하 자녀를 양육하는 미혼모부자 가구",방문 접수: 17개소 건강가정지원센터,
171,KT&G복지재단,상상펀드 의료비 지원사업,"치료비, 수술비, 재활, 보장구 구입 등 의료비 지원ㆍ신청사연에 대하여 kt&g 임직원 모금 포털을 통해 모금액 지원- 최소보장지원금 300만원 ~ 최대 500만원 지원",www.ktngwelfare.org),"의료비가 필요한 만 18세 이하 저소득 아동,청소년",매월 15일까지 인터넷 사연신청(www.ktngwelfare.org),
172,홀트아동복지회,365베이비케어키트,"아동양육물품 KIT(분유, 기저귀, 물티슈 등)- 최대 6회까지 지원가능 ㆍKIT A: ~18개월 미만, KIT B: 18~36개월 미만",www.holt.or.kr,"유아를 양육중인 미혼 한부모가정 중 경제적 어려움을 겪고 있거나, 미혼모자시설 퇴소 및 입양숙려제기간 동안 아동양육물품이 필요한 가정","홈페이지 www.holt.or.kr 공지사항에서 ""신청하기"" 버튼 클릭 *접수일정 : 4월~12월",
173,밀알복지재단,안면장애인 무료 성형수술 지원사업,"구순구개열 2차 수술, 화상흉터 제거수술, 안면비대칭 회복을 위한 양악수술, 상안검, 하안검 수술(눈피부겹침), 반점, 백반증 시술, 귀 모형 기형에 따른 연골수술, 보톡스 시술, 기타 안면장애 관련수술 일체 - 지원대상자 선정시 무료 협력병원(서울 인근) 연계 또는 치료비(수술비) 지원",,"안면장애로인해 수술이 필요한 만24세 미만 아동, 청소년, 여성(중위소득80%미만)",연중 신청접수,안면장애인 지원사업 지원신청서 1부
174,KT&G복지재단,행복가정학습지원사업,"학습물품 구입비 10만원(도서, 학용품, 가방, 교복 등)",,"아동, 청소년 사업 수행중인 사회복지기관 저소득 아동(만7세~18세)","홈페이지 신청, 사연심사 및 네티즌 추천, 매월 50명 선정 ktngwelfare.org",
175,굿네이버스,심리정서지원사업,"전문적인 상담, 치료 및 지속적인 사후관리 등 통합적 서비스 제공을 통해 아동, 청소년의 정신건강문제에 적극적으로 대응하여 지역사회 변화를 실천",,"심리, 정서적 도움이 필요한 아동 및 가족",각 지역별 좋은마음센터 이용(위치 : 홈페이지 참조),
176,건강가정지원센터,전염성 질병지원 돌봄서비스,서비스 제공범위: 아동의 병원 이용 동행 및 재가 돌봄 서비스 제공- 서비스 안내ㆍ별도 정부지원시간 없이 이용비용 50% 정부지원ㆍ감염병의 예방 및 관리에 대한 법률 제 2조 감염병에 한함,,"수족구병 등 법정 전염성 질병에 감염된 시설 이용 아동- 정부지원 대상자 및 서비스 우선순위ㆍ소득활동, 다자녀 양육으로 양육공백이 발생하는 가정(취업한부모, 장애부모, 맞벌이 가정, 다자녀 가정, 기타 양육부담 가정)* 서비스 우선순위(홈페이지 참조)","인터넷 접수 : 복지로 온라인신청(online.bokjiro.go.kr), 아이돌봄홈페이지(idolbom.mogef.go.kr)- 방문접수 : 읍면사무소 및 동주민센터- 연중 신청",
177,현대차정몽구재단,온드림 어린이 희망의료사업,"가톨릭대학교 서울성모병원: 조혈모세포이식수술, 선천성질환 등 의료비 지원, 정서지원 사업, 연구지원 사업- 서울대학교병원: 백혈병, 소아암, 희귀난치성질환 등 의료비 지원, 케어프로그램 지원, 어린이병원 지원- 연세대학교 의료원: 소아암, 희귀난치성질환 등 의료비 지원, 캠프 및 문화체험 교육프로그램(질병교육, 미술치료, 통합예술치료), 소아암, 백혈병 환아 쉼터 지원- 금액 미정",,"소아암, 백혈병, 심장병, 희귀난치질환을 앓고 있는 아동 및 청소년",기타 접수: 각 병원 상담문의ㆍ가톨릭서울성모병원: 02-2258-5776ㆍ서울대학교병원: 02-2027-3004ㆍ연세대학교 의료원: 02-2228-7048,
178,대한불교조계종사회복지재단,결연 후원금(품) 지원,"생계비, 교육비 - 생필품, 먹거리 - 문화나눔 체험",,"소년소녀가장, 독거노인, 심신장애인등 국내외 소외이웃 - 불교계 사회복지기관",기타 접수: 공고 확인(매년 3월),
179,한국백혈병소아암협회,일상생활지원(희망다미웰니스센터),"건강증진활동 : 무용심리운동, 음악줄넘기, 체육대회 - 교육지원 : 영양교육, 부모교육 - 문화지원: 창의미술, 오르프음악, 보드게임, 전통놀이 - 복지지원: 언어치료, 미술상담, 원예치료*운영장소: 서울 마포구 연남로1길 80 한국백혈병소아암협회 1층",,"서울, 대구, 부산, 울산의 만 29세 미만 환아로 최저생계비 350% 미만 가정",연중 접수: 각 병원 사회사업실 또는 개인신청,"공통서류 * 개인 : 치료비지언신청서(사진), 개인정보공개동의서, 진단서, 소득관련서류(택1) - 직장인 (근로소득원청징수사본), 자영업자(소득금액증명원,건강보험납입증명서), 그 외(건강보험 납입증명서) * 기관 : 추천서(기관에서 추천하는 환아에 한함)"
180,대한불교조계종사회복지재단,청소년 내 꿈 찾기 의지나눔,전문 직업군 봉사자와의 만남- 직업현장 견학 및 업무체험- 문화체험 및 캠프,,"서울, 경기지역에 거주하는 중학교 1~3학년","학교 사회사업실 및 상담실, 사회복지시설을 통한 대상자 모집",
181,한국백혈병소아암협회,환아방문서비스(가족희망파트너 파견사업),"돌봄형(가정): 2~3시간 *돌봄서비스: 보육, 준비된 식간식 챙기기, 일상생활지도 및 놀이 *건강서비스: 건강관리, 투약, 외래 동행, 가벼운 산책 - 활동형(가정): 2시간 *놀이프로그램, 미술프로그램, 교육프로그램, 신체활동",,"서울, 경기(부천, 광명, 안양, 군포), 인천(남동구)",홈페이지 공고시 신청,
182,건강가정지원센터,공동육아나눔터,"자녀들이 육체적, 정서적, 사회적으로 건강하게 성장할 수 있는 힘을 제공하기 위해, 지역사회의 다양한 자원을 네트워킹 하는 공간",,"맞벌이·비맞벌이 상관없이 이용 가능하며, 주로 미취학 자녀들이 이용",방문 접수: 사업수행기관(문의: 1577-9337)- 방문 후 즉시 이용가능,
183,건강가정지원센터,시간제 돌봄 서비스,"서비스 제공 범위: 주양육자가 올 때까지 임시보육, 놀이 활동, 식사 및 간식 챙겨주기, 보육시설, 학교, 학원 등하원, 안전신변보호 처리, 준비물 보조 등 - 서비스 안내ㆍ나홀로 방치되는 초등학교 방과후 아동은 연 720시간까지 정부지원(아동당 최소 2시간 이상사용원칙)","http://online.bokjiro.go.kr/,","만 3개월 이상~만 12세 이하 아동 - 정부지원 대상자 및 서비스 우선순위ㆍ소득활동, 다자녀 양육으로 양육공백이 발생하는 가정(취업한부모, 장애부모, 맞벌이 가정, 다자녀 가정, 기타 양육부담 가정)에 대해 정부지원ㆍ서비스 우선순위: 홈페이지 참조","인터넷 접수: http://online.bokjiro.go.kr/, https://idolbom.mogef.go.kr- 방문 접수: 읍면사무소 및 동주민센터 - 연중 수시 접수",
184,한국백혈병소아암협회,치료비 지원,치료비 최고 1천만원 지원 - 수술비 최고 2천만원 지원 - 조혈모세포 구득료 690만원 지원,,"만 24세미만의 백혈병소아암 및 희귀혈액질환 환아- 만18세 이전에 진단받은 환아만 가능- 소득기준 : 중위소득130%이하- 재산기준 : 재역별, 가구규모별 일반재산의 최고재산액(대도시기준)의 350%이하",각 병원 사회사업실 접수,홈페이지 참조
185,한국백혈병소아암협회,재활치료비 지원,"재활보장구 최대 1천만원, 재활치료비 최대 1천만원, 성장발달치료 최대 400만원, 2차시술 최대 1천만원",www.soaam.or.kr,"만 24세 미만에 소아암 및 희귀혈액질환을 진단받은 자로써 만 29세 미만인 자- 소득기준 : 기준중위소득150%이하- 재산기준 : 지역별, 가구규모별 일반재산의 최고재산액(대도시기준)의 360%이하","연중 신청(각 병원 사회사업실 접수, 세부내용 홈페이지 참조: www.soaam.or.kr)",
186,사랑의달팽이,무료보청기지원,"무료청력검사, 인공와우수술지원, 언어재활치료 및 보청기 지원",www.soree119.com,"만 18세 이하 취약계층 아동, 청소년- 선정기준: 수급자, 차상위계층, 기준 중위소득80%이내",인터넷 접수: www.soree119.com- 연중 수시,
187,한국사회복지협의회,무주택 저소득층 임차자금 지원사업,"1세대당 500~1,000만원의 임차보증금을 무상으로 지원",www.kncsw.bokji.net,"만 18세 미만의 아동을 양육하는 조손, 한부모, 장애, 다문화가정, 자립아동세대, 소년소녀가장 등(기관당 최대 3세대 신청 가능)",매년 5월~6월 홈페이지 공고 참조(www.kncsw.bokji.net) /추가접수 필요시 9월,
188,한국장애인재활협회,교육비 및 재능지원 사업'두드림 스타',"장학금 지원(월 최대 50만원, 년 최대 500만원 내외), KB두드림 꿈통장, 멘토링 활동",,"만 14~29세 미만의 장애가정 청소년, 청년ㆍ부모 또는 본인이 장애를 가진 청소년/형제자매만 장애일 경우 지원불가ㆍ국민기초생활수급권자 또는 차상위 150% 내외","홈페이지 신청서 다운로드 후 우편, 방문접수 또는 이메일(홈페이지 참고)",
189,㈜함소아&함소아제약,동병하치 프로그램,"겨울철 질병예방을 위한 삼복첩 첩부 및 약선(탕약), 생탁차 제공",,"드림스타트, 위스타트 아동",각 지역센터 공고시,
190,㈜함소아&함소아제약,영양교육 & 영양제 지원,우리몸에 필요한 영양을 제공하여 면역지능 유지 및 성장발달에 도움을 줌,,"드림스타트, 위스타트 대상 아동",각 지역 센터 공고시,
191,한국어린이안전재단,카시트 사업,카시트 무상보급,www.childsafe.or.kr,"기타조건: 전국 3세 이하의 자녀(유아)가 있으며 자동차를 보유한 가정 중 저소득층 및 사회적 취약 계층 가정 - 신청자격: 1, 2, 3에 모두 해당하는 가정ㆍ1. 전국 3세 이하(2012년~2014년 출생)의 자녀를 둔 가정ㆍ2. 배기량 2,000cc 미만의 승용차를 보유한 가정(승합, 화물, 외제차량 제 외)ㆍ3. 선정기준(1~6순위)에 해당하는 가정 * 1순위: 교통안전공단 자동차사고 피해지원사업 대상자 가정, 기초생활수급자 가정* 2순위: 차상위계층 가정, 저소득 한부모 가정 * 3순위: 국가유공자 중 생활조정수당 수급자 가정 * 4순위: 장애인(장애등급 1급 또는 2급) 가정, 희귀난치성질환자 중 의료비지원사업 대상자 가정 * 5순위: 입양된 영유아 자녀 가정 * 6순위: 세 자녀 이상 가정","인터넷 접수: www.childsafe.or.kr - 우편 접수(서류 제출 대상자): 서울시 송파구 오금로 472(거여동) - 매년 4월, 7월 접수공고","주민등록등본 원본 1부(필수), 자동차등록증 사본 1부(필수), 선정기준 증빙서류 1부(필수), 자동차보험증서 사본 1부(해당자에 한 함)"
192,월드비전,위기아동지원사업,"생계비(공과금, 식료품비, 교통비, 통신비, 난방비 등)- 주거비(월 임대료, 임시주거비, 주거환경개선비 등)- 의료비(아동 및 주 양육자의 입원·통원 진단비, 간병비, 의료보조기구 구입 또는 대여비, 심리치료비)- 지원대상으로 선정되면 최소 30만원부터 최대 500만원, 최대 3개월까지 지원- 더 많은 지원이 필요한 경우, 기관 및 아동의 가정과 논의 후 다른 지원으로 연계 가능",http://www.helpchild.or.kr/-,"3개월 이내 발생한 위기상황(예기치 못한 실직, 질병, 가구의 주 소득원의 사망, 가출, 학대, 폭력, 화재, 수혜 등)에 직면한 아동청소년 가정",인터넷 접수: http://www.helpchild.or.kr/- 연중 수시 접수,
193,초록우산어린이재단,어린이도서관,"도서대여 - 독서지도:독서지도, 독후감 활동, 부모를 위한 도서지도, 독서골든벨 등",,,"도서관 및 복지관 위치와 연락처는 홈페이지 참고ㆍ영등포종합사회복지관 도서관, 부산종합사회복지관 도서관, 제주종합사회복지관 도서관, 주종합사회복지관 도서관, 연수종합사회복지관 도서관, 대구종합사회복지관 도서관, 진주평거종합사회복지관, 천안성정종합사회복지관, 전북종합사회복지관, 경남통영복지관 등 11개 도서관",
194,재단법인 한국메이크어위시소원.별재단,난치병 아동 소원 성취 프로그램,"난치병 아동 소원 성취 활동1)되고 싶어요 : 예쁜 공주가 되어 멋진 왕자님과 파티와 퍼레이드를 하고 싶어요, 돌고래 조련사가 되고 싶어요, 비행기 승무원, 경찰관, 해군, 스파이더맨 등2)만나고 싶어요 : 로이를 만나고 싶어요, 스무고개 탐정 허교범 작가를 만나고 싶어요, 추기경님을 만나 안수기도를 받고 싶어요, 골프선수 박인비에게 퍼팅 레슨을 받고 싶어요 등3)가고 싶어요 : 노트북, 침대, 드론, 천체망원경, 피아노 등4)갖고 싶어요 : 키티 마을, 공룡방물관, 계곡 여행, 제주도 등5)하고 싶어요 : 프로야구팀 시구, 슈퍼카를 타고 싶어요, 음악회를 열고 싶어요, 탄자니아에 우물을 파주고 싶어요, 게임개발자로부터 멘토링을 받고 싶어요 등",,재단의 규정 또는 의료심사에 의해 소원진행이 필요하다고 생각되는 만 3세~만 18세까지 난치병을 앓고 있는 아동,"1. 재단 홈페이지에서 온라인 소원 신청2. 재단 홈페이지에서 재단 양식 서류를 다운받아 작성한 후 재단에 발송(등기, 택배)","재단양식, 건강보험증 사본 1부(2년 이내 발급 본)"
195,열매나눔재단,마이크로크레딧 사업,"창업자금예비창업자 및 창업 6개월 이내최대 3천만원- 자기자금 범위내에서 지원- 1,500만원 이상 신청시 자기자본 증빙 필수- 1,500만원 이내 신청시 자기자본 증빙 생략* 타 보증기관, 정부, 지자체및 기타 공공기관 및 서민정책금융기관(미소금융재단, 신용회복위원회, 한마음금융, 국민행복기금)에서 창업자금 이용시 이용불가(단, 생활안정자금은 가능)- 금리: 1.8%- 보증료율: 0.5%(납부기간 적수하여 일괄수납)- 대출기간: 1년거치 4년균등분할상환- 대출은행: 우리은행경영개선자금창업 6개월 이상최대 2천만원신용등급별 차등적용- 1등급~6등급: 2,000만원- 7등급 이하: 1,500만원신용보증재단 또는 기술보증재단에서 이용하고 있는 경우, 총 지원금액 합산액 3천만원 이내에서 지원 가능",,"창업(희망)지가 서울시 소재이며, 만 20세 이상자로 개인사업자이며 다음 중 하나에 해당하는 자ㆍ기초생활수급자 또는 차상위계층ㆍ저소득층(연소득 3,000만원 이하)ㆍ서울희망플러스 통장 저축 완료자 또는 서울꿈나래통장 완료자ㆍ실직자, 장애인, 여성가장, 한부모가장, 다둥이가정, 다문화가정, 새터민- 신청 제한 대상ㆍ사업장 소재지가 서울 이외일 경우 신청 불가ㆍ회생·파산·개인회생절차개시 신청·개인신용회복지원신청 및 채무불이행자명부 등의 신청이 있거나 청산에 들어간 기업 신청 불가ㆍ타지역 신용보증재단 또는 신용보증재단중앙회(개인보증) 이용시 신청 불가ㆍ사업자등록증을 낼 수 없는 업종ㆍ재보증 제한업종(신청서내 첨부)에 해당시 신청 불가ㆍ「서울형 마이크로크레딧 특별보증」신청기업 체크리스트(신청서내 첨부)에서 해당 항목 중 한 항목이라도 ‘예’항목에 해당할 경우 신청 불가","우편접수, 방문접수(사전 전화 예약자)ㆍ주소: 서울시 중구 퇴계로 20길 37 열매나눔빌딩 302호 열매나눔재단(우편번호 04629)",신청기업 체크리스트(홈페이지 제공)- 상담신청서(홈페이지 제공)- 정보이용 동의서(홈페이지 제공)- 주민등록등본 1부- 주민등록초본 1부- 신분증 사본- 대상자 입증서류- 사업자 등록증 사본- 임대차 계약서 사본
